{
    "cross_validation": {
        "total_folds": 5,
        "validation_metrics": {
            "precision": {
                "mean": 0.9722246527671814,
                "std": 0.0015158858982028483
            },
            "recall": {
                "mean": 0.9534793615341186,
                "std": 0.0012964454787952292
            },
            "f1_score": {
                "mean": 0.9539713025093078,
                "std": 0.0010473630255812985
            }
        },
        "test_metrics": {
            "precision": {
                "mean": 0.9142533950067768,
                "std": 0.011014173220397017
            },
            "recall": {
                "mean": 0.9438940969144621,
                "std": 0.006097390114214715
            },
            "f1_score": {
                "mean": 0.9287607410841838,
                "std": 0.0032200296092993264
            }
        },
        "per_channel_metrics": {
            "Channel-1": {
                "Precision": {
                    "mean": 0.9230206536502792,
                    "std": 0.033902297764386136
                },
                "Recall": {
                    "mean": 0.9416468427861944,
                    "std": 0.01598950799806844
                },
                "F1-score": {
                    "mean": 0.9315715546521564,
                    "std": 0.009974259135332585
                },
                "Occurrences": 47922
            },
            "Channel-2": {
                "Precision": {
                    "mean": 0.9347394942032204,
                    "std": 0.012786770403278122
                },
                "Recall": {
                    "mean": 0.9774747158794703,
                    "std": 0.005822151796377935
                },
                "F1-score": {
                    "mean": 0.9555404409088455,
                    "std": 0.004057987947481428
                },
                "Occurrences": 47955
            },
            "Channel-3": {
                "Precision": {
                    "mean": 0.9608329917105521,
                    "std": 0.015021035837320323
                },
                "Recall": {
                    "mean": 0.9811056362918148,
                    "std": 0.0038474001455800592
                },
                "F1-score": {
                    "mean": 0.9707761672293392,
                    "std": 0.006294362698939435
                },
                "Occurrences": 48099
            },
            "Channel-4": {
                "Precision": {
                    "mean": 0.8446551878218408,
                    "std": 0.04269776632158808
                },
                "Recall": {
                    "mean": 0.8750449583873531,
                    "std": 0.0362401032271693
                },
                "F1-score": {
                    "mean": 0.8577925209140436,
                    "std": 0.008616738869063301
                },
                "Occurrences": 47822
            },
            "Micro Average": {
                "Precision": 0.9142533950067768,
                "Recall": 0.9438940969144621,
                "F1-score": 0.9287607410841838,
                "Occurrences": 191798
            }
        },
        "best_overall_model": {
            "model_path": "results/ParallelCNN/N32/QAT/SDR/models/ParallelCNN_32_QAT_SDR_best_overall_model_INT8.tflite",
            "validation_f1_score": 0.9558404684066772,
            "test_f1_score": 0.9272544039159631
        }
    }
}