{
    "cross_validation": {
        "total_folds": 5,
        "validation_metrics": {
            "precision": {
                "mean": 0.9975471496582031,
                "std": 0.00026262297011013844
            },
            "recall": {
                "mean": 0.9923777341842651,
                "std": 0.000701462020847549
            },
            "f1_score": {
                "mean": 0.9922073602676391,
                "std": 0.0003549862463284702
            }
        },
        "test_metrics": {
            "precision": {
                "mean": 0.9755950833024027,
                "std": 0.003767097283286912
            },
            "recall": {
                "mean": 0.9930145256989125,
                "std": 0.0007885279848601312
            },
            "f1_score": {
                "mean": 0.9842226503038788,
                "std": 0.0016054374036697588
            }
        },
        "per_channel_metrics": {
            "Channel-1": {
                "Precision": {
                    "mean": 0.9932335283605294,
                    "std": 0.002213431052551908
                },
                "Recall": {
                    "mean": 0.9952380952380953,
                    "std": 0.0004387880495238386
                },
                "F1-score": {
                    "mean": 0.9942330599555765,
                    "std": 0.0009061255331329719
                },
                "Occurrences": 47922
            },
            "Channel-2": {
                "Precision": {
                    "mean": 0.9866801909505153,
                    "std": 0.0016497400238586364
                },
                "Recall": {
                    "mean": 0.9957835470753832,
                    "std": 0.0003287620840373927
                },
                "F1-score": {
                    "mean": 0.991210045494177,
                    "std": 0.0007213974407077301
                },
                "Occurrences": 47955
            },
            "Channel-3": {
                "Precision": {
                    "mean": 0.995587984557973,
                    "std": 0.0016272750564537714
                },
                "Recall": {
                    "mean": 0.9965363105262064,
                    "std": 0.000745516772472237
                },
                "F1-score": {
                    "mean": 0.9960605395793409,
                    "std": 0.0004751475549677815
                },
                "Occurrences": 48099
            },
            "Channel-4": {
                "Precision": {
                    "mean": 0.9294911175674343,
                    "std": 0.014251071248549036
                },
                "Recall": {
                    "mean": 0.9844673999414496,
                    "std": 0.0030932101070461587
                },
                "F1-score": {
                    "mean": 0.9561122203651846,
                    "std": 0.006372247789904032
                },
                "Occurrences": 47822
            },
            "Micro Average": {
                "Precision": 0.9755950833024027,
                "Recall": 0.9930145256989125,
                "F1-score": 0.9842226503038788,
                "Occurrences": 191798
            }
        },
        "best_overall_model": {
            "model_path": "results/ParallelCNN/N128/QAT/SDR/models/ParallelCNN_128_QAT_SDR_best_overall_model_INT8.tflite",
            "validation_f1_score": 0.9925937056541443,
            "test_f1_score": 0.9827268438920151
        }
    }
}