{
    "cross_validation": {
        "total_folds": 5,
        "validation_metrics": {
            "precision": {
                "mean": 0.997362220287323,
                "std": 0.00048723522143301166
            },
            "recall": {
                "mean": 0.9938517252604167,
                "std": 0.0007038868487633351
            },
            "f1_score": {
                "mean": 0.9956520477930705,
                "std": 0.0006608008702771865
            }
        },
        "test_metrics": {
            "precision": {
                "mean": 0.9974724664361794,
                "std": 0.000742622945143738
            },
            "recall": {
                "mean": 0.9939113025161889,
                "std": 0.0007447727869352025
            },
            "f1_score": {
                "mean": 0.9956884688144666,
                "std": 0.0005680819847121174
            }
        },
        "per_channel_metrics": {
            "Channel-1": {
                "Precision": {
                    "mean": 0.9986821332787569,
                    "std": 0.00040954708514481434
                },
                "Recall": {
                    "mean": 0.9949946440743989,
                    "std": 0.0003683421344388159
                },
                "F1-score": {
                    "mean": 0.9968348639706257,
                    "std": 0.00019348980757130727
                },
                "Occurrences": 47922
            },
            "Channel-2": {
                "Precision": {
                    "mean": 0.9983093461987183,
                    "std": 0.00040136580523230097
                },
                "Recall": {
                    "mean": 0.995604212282348,
                    "std": 0.0003143371805651161
                },
                "F1-score": {
                    "mean": 0.9969548444590337,
                    "std": 0.00017435411110455117
                },
                "Occurrences": 47955
            },
            "Channel-3": {
                "Precision": {
                    "mean": 0.9991695500529576,
                    "std": 0.0005012429279212526
                },
                "Recall": {
                    "mean": 0.996751145207454,
                    "std": 0.000600910832355008
                },
                "F1-score": {
                    "mean": 0.9979586516212684,
                    "std": 0.0002759487324469713
                },
                "Occurrences": 48099
            },
            "Channel-4": {
                "Precision": {
                    "mean": 0.9937090482305154,
                    "std": 0.0024969231417785887
                },
                "Recall": {
                    "mean": 0.9882717856495618,
                    "std": 0.002677777776664903
                },
                "F1-score": {
                    "mean": 0.9909799269449154,
                    "std": 0.0019246715374883403
                },
                "Occurrences": 47822
            },
            "Micro Average": {
                "Precision": 0.9974724664361794,
                "Recall": 0.9939113025161889,
                "F1-score": 0.9956884688144666,
                "Occurrences": 191798
            }
        },
        "best_overall_model": {
            "model_path": "results/ParallelCNN/N128/normal/SDR/models/ParallelCNN_128_normal_SDR_best_overall_model.tflite",
            "validation_f1_score": 0.9965152740478516,
            "test_f1_score": 0.996359020435455
        }
    }
}