{
    "cross_validation": {
        "total_folds": 5,
        "validation_metrics": {
            "precision": {
                "mean": 0.9844793438911438,
                "std": 0.0005586496741416223
            },
            "recall": {
                "mean": 0.9733757972717285,
                "std": 0.0009542311346710587
            },
            "f1_score": {
                "mean": 0.9854646682739258,
                "std": 0.00031642426091241444
            }
        },
        "test_metrics": {
            "precision": {
                "mean": 0.9892682464957792,
                "std": 0.00037558027472824133
            },
            "recall": {
                "mean": 0.9821875097759101,
                "std": 0.0008263111490842442
            },
            "f1_score": {
                "mean": 0.9857150139302879,
                "std": 0.0005180274443314577
            }
        },
        "per_channel_metrics": {
            "Channel-1": {
                "Precision": {
                    "mean": 0.9964379420070648,
                    "std": 0.00027934312796824634
                },
                "Recall": {
                    "mean": 0.993476899962439,
                    "std": 0.00020598410215357232
                },
                "F1-score": {
                    "mean": 0.9949551610114493,
                    "std": 5.9246482399635633e-05
                },
                "Occurrences": 47922
            },
            "Channel-2": {
                "Precision": {
                    "mean": 0.9941711523381471,
                    "std": 0.0002783030890110093
                },
                "Recall": {
                    "mean": 0.9915837764570952,
                    "std": 0.0003670581290908168
                },
                "F1-score": {
                    "mean": 0.9928757114809516,
                    "std": 0.00019855106185753016
                },
                "Occurrences": 47955
            },
            "Channel-3": {
                "Precision": {
                    "mean": 0.9969519002031138,
                    "std": 0.0006761482221399124
                },
                "Recall": {
                    "mean": 0.9927233414416101,
                    "std": 0.0007834442995246146
                },
                "F1-score": {
                    "mean": 0.9948329695798426,
                    "std": 0.0006155232090948397
                },
                "Occurrences": 48099
            },
            "Channel-4": {
                "Precision": {
                    "mean": 0.9691296041179497,
                    "std": 0.0013584713183069663
                },
                "Recall": {
                    "mean": 0.9508552549036008,
                    "std": 0.0034619573433210776
                },
                "F1-score": {
                    "mean": 0.9599011897122056,
                    "std": 0.0017187329131302194
                },
                "Occurrences": 47822
            },
            "Micro Average": {
                "Precision": 0.9892682464957792,
                "Recall": 0.9821875097759101,
                "F1-score": 0.9857150139302879,
                "Occurrences": 191798
            }
        },
        "best_overall_model": {
            "model_path": "results/DeepSense/N32/normal/SDR/models/DeepSense_32_normal_SDR_best_overall_model.tflite",
            "validation_f1_score": 0.9858779311180115,
            "test_f1_score": 0.9864452275741903
        }
    }
}