{
    "cross_validation": {
        "total_folds": 5,
        "validation_metrics": {
            "precision": {
                "mean": 0.9976256132125855,
                "std": 0.000492331089165893
            },
            "recall": {
                "mean": 0.9907681703567505,
                "std": 0.0010761058227471104
            },
            "f1_score": {
                "mean": 0.9925402164459228,
                "std": 0.0003057775640972043
            }
        },
        "test_metrics": {
            "precision": {
                "mean": 0.9922427598484529,
                "std": 0.0011207311810738294
            },
            "recall": {
                "mean": 0.9888976944493686,
                "std": 0.0010929566870870348
            },
            "f1_score": {
                "mean": 0.9905663989327753,
                "std": 0.0004798136892695442
            }
        },
        "per_channel_metrics": {
            "Channel-1": {
                "Precision": {
                    "mean": 0.9986693999482645,
                    "std": 0.0007493585610845212
                },
                "Recall": {
                    "mean": 0.995471808355244,
                    "std": 0.0005541421903409553
                },
                "F1-score": {
                    "mean": 0.9970676950249692,
                    "std": 0.0002990461925200377
                },
                "Occurrences": 47922
            },
            "Channel-2": {
                "Precision": {
                    "mean": 0.9931509414235095,
                    "std": 0.001971037947625245
                },
                "Recall": {
                    "mean": 0.9960421228234804,
                    "std": 0.0002231940470901311
                },
                "F1-score": {
                    "mean": 0.9945933579208756,
                    "std": 0.0009528885964372634
                },
                "Occurrences": 47955
            },
            "Channel-3": {
                "Precision": {
                    "mean": 0.9986015403500093,
                    "std": 0.0004052003826191456
                },
                "Recall": {
                    "mean": 0.9974011933720035,
                    "std": 0.0005089203943797329
                },
                "F1-score": {
                    "mean": 0.998000812281459,
                    "std": 0.000135688862138362
                },
                "Occurrences": 48099
            },
            "Channel-4": {
                "Precision": {
                    "mean": 0.9783785329732085,
                    "std": 0.0037666683691637694
                },
                "Recall": {
                    "mean": 0.9665927815649701,
                    "std": 0.0038196018041682907
                },
                "F1-score": {
                    "mean": 0.9724366389924659,
                    "std": 0.001207825610242319
                },
                "Occurrences": 47822
            },
            "Micro Average": {
                "Precision": 0.9922427598484529,
                "Recall": 0.9888976944493686,
                "F1-score": 0.9905663989327753,
                "Occurrences": 191798
            }
        },
        "best_overall_model": {
            "model_path": "results/DeepSense/N128/QAT/SDR/models/DeepSense_128_QAT_SDR_best_overall_model.tflite",
            "validation_f1_score": 0.9928134679794312,
            "test_f1_score": 0.9906838453914766
        }
    }
}