{
    "cross_validation": {
        "total_folds": 5,
        "validation_metrics": {
            "precision": {
                "mean": 0.9870406866073609,
                "std": 0.0016199439552799016
            },
            "recall": {
                "mean": 0.9635414958000184,
                "std": 0.004242674864322257
            },
            "f1_score": {
                "mean": 0.9703726530075073,
                "std": 0.0007990432575265903
            }
        },
        "test_metrics": {
            "precision": {
                "mean": 0.9709550546122461,
                "std": 0.0015406014464155954
            },
            "recall": {
                "mean": 0.959482372078958,
                "std": 0.001733603422187615
            },
            "f1_score": {
                "mean": 0.9651827599797361,
                "std": 0.0009476872969571547
            }
        },
        "per_channel_metrics": {
            "Channel-1": {
                "Precision": {
                    "mean": 0.9744794566025667,
                    "std": 0.0026158292917666417
                },
                "Recall": {
                    "mean": 0.9725178414924252,
                    "std": 0.002725616571981905
                },
                "F1-score": {
                    "mean": 0.9734907358413718,
                    "std": 0.0006376729656911785
                },
                "Occurrences": 47922
            },
            "Channel-2": {
                "Precision": {
                    "mean": 0.979157621140074,
                    "std": 0.0017946453189258717
                },
                "Recall": {
                    "mean": 0.9806360129287874,
                    "std": 0.0038301608965738416
                },
                "F1-score": {
                    "mean": 0.9798893088951427,
                    "std": 0.001457297268541095
                },
                "Occurrences": 47955
            },
            "Channel-3": {
                "Precision": {
                    "mean": 0.9886012516281741,
                    "std": 0.002132046136122233
                },
                "Recall": {
                    "mean": 0.9852179878999564,
                    "std": 0.001955319724709754
                },
                "F1-score": {
                    "mean": 0.9869047579278574,
                    "std": 0.0015008811735513603
                },
                "Occurrences": 48099
            },
            "Channel-4": {
                "Precision": {
                    "mean": 0.9402240283288356,
                    "std": 0.005254189944421431
                },
                "Recall": {
                    "mean": 0.8993224875580277,
                    "std": 0.004007859822746851
                },
                "F1-score": {
                    "mean": 0.9192996853574043,
                    "std": 0.0020511686096994514
                },
                "Occurrences": 47822
            },
            "Micro Average": {
                "Precision": 0.9709550546122461,
                "Recall": 0.959482372078958,
                "F1-score": 0.9651827599797361,
                "Occurrences": 191798
            }
        },
        "best_overall_model": {
            "model_path": "results/DeepSense/N32/QAT/SDR/models/DeepSense_32_QAT_SDR_best_overall_model.tflite",
            "validation_f1_score": 0.9714463353157043,
            "test_f1_score": 0.9662193744912161
        }
    }
}