{
    "cross_validation": {
        "total_folds": 5,
        "validation_metrics": {
            "precision": {
                "mean": 0.997608462969462,
                "std": 0.0003411111025989825
            },
            "recall": {
                "mean": 0.994252610206604,
                "std": 0.0006379785252286073
            },
            "f1_score": {
                "mean": 0.996858274936676,
                "std": 0.0003328232289448618
            }
        },
        "test_metrics": {
            "precision": {
                "mean": 0.9980815604156342,
                "std": 0.0003312545721570716
            },
            "recall": {
                "mean": 0.9956652311285832,
                "std": 0.0004857898928065303
            },
            "f1_score": {
                "mean": 0.996871887662749,
                "std": 0.00035970847657145193
            }
        },
        "per_channel_metrics": {
            "Channel-1": {
                "Precision": {
                    "mean": 0.9993638331091845,
                    "std": 0.00014123662897440588
                },
                "Recall": {
                    "mean": 0.9965165616348787,
                    "std": 0.00016562276104027283
                },
                "F1-score": {
                    "mean": 0.9979381596484694,
                    "std": 0.00013006976932614775
                },
                "Occurrences": 47922
            },
            "Channel-2": {
                "Precision": {
                    "mean": 0.9995132712849603,
                    "std": 0.0001458620218657157
                },
                "Recall": {
                    "mean": 0.9963201612622945,
                    "std": 0.0003168784460718123
                },
                "F1-score": {
                    "mean": 0.9979141403873066,
                    "std": 0.00019876194741547205
                },
                "Occurrences": 47955
            },
            "Channel-3": {
                "Precision": {
                    "mean": 0.9996933752386635,
                    "std": 7.38292199490914e-05
                },
                "Recall": {
                    "mean": 0.9986569367346515,
                    "std": 0.0005425099974962214
                },
                "F1-score": {
                    "mean": 0.9991748119284317,
                    "std": 0.0002737992641089076
                },
                "Occurrences": 48099
            },
            "Channel-4": {
                "Precision": {
                    "mean": 0.993739219366874,
                    "std": 0.001246350910725184
                },
                "Recall": {
                    "mean": 0.9911463343231149,
                    "std": 0.0011429358643032129
                },
                "F1-score": {
                    "mean": 0.9924406766045835,
                    "std": 0.0010126171712582911
                },
                "Occurrences": 47822
            },
            "Micro Average": {
                "Precision": 0.9980815604156342,
                "Recall": 0.9956652311285832,
                "F1-score": 0.996871887662749,
                "Occurrences": 191798
            }
        },
        "best_overall_model": {
            "model_path": "results/DeepSense/N128/normal/SDR/models/DeepSense_128_normal_SDR_best_overall_model.tflite",
            "validation_f1_score": 0.9973881244659424,
            "test_f1_score": 0.997629676038322
        }
    }
}