{
    "cross_validation": {
        "total_folds": 5,
        "validation_metrics": {
            "precision": {
                "mean": 0.8507806897163391,
                "std": 0.006994046394701132
            },
            "recall": {
                "mean": 0.8474310755729675,
                "std": 0.0045264329413247624
            },
            "f1_score": {
                "mean": 0.8387051343917846,
                "std": 0.00461273109990131
            }
        },
        "test_metrics": {
            "precision": {
                "mean": 0.7381772066612188,
                "std": 0.032521731672919336
            },
            "recall": {
                "mean": 0.6791165568123578,
                "std": 0.09474348420702139
            },
            "f1_score": {
                "mean": 0.7055165084330381,
                "std": 0.0647772249629426
            }
        },
        "per_channel_metrics": {
            "Channel-1": {
                "Precision": {
                    "mean": 0.7856872922374284,
                    "std": 0.07316246858240459
                },
                "Recall": {
                    "mean": 0.7022585404607875,
                    "std": 0.10337731862674535
                },
                "F1-score": {
                    "mean": 0.7331817880229765,
                    "std": 0.04879608471538326
                },
                "Occurrences": 26433
            },
            "Channel-2": {
                "Precision": {
                    "mean": 0.7720203110040142,
                    "std": 0.14388125977853386
                },
                "Recall": {
                    "mean": 0.6087816425489672,
                    "std": 0.20262172121960156
                },
                "F1-score": {
                    "mean": 0.6384443302471581,
                    "std": 0.04983848976727372
                },
                "Occurrences": 26191
            },
            "Channel-3": {
                "Precision": {
                    "mean": 0.7601079278692342,
                    "std": 0.09246025899051505
                },
                "Recall": {
                    "mean": 0.6826418675270449,
                    "std": 0.20926227567355263
                },
                "F1-score": {
                    "mean": 0.6885844959662901,
                    "std": 0.11943762734970349
                },
                "Occurrences": 26345
            },
            "Channel-4": {
                "Precision": {
                    "mean": 0.7584030751450281,
                    "std": 0.10997239381379417
                },
                "Recall": {
                    "mean": 0.64730532041215,
                    "std": 0.3126336788498476
                },
                "F1-score": {
                    "mean": 0.6199676919851478,
                    "std": 0.21321116841260945
                },
                "Occurrences": 26107
            },
            "Channel-5": {
                "Precision": {
                    "mean": 0.7699170129517195,
                    "std": 0.0935408271584768
                },
                "Recall": {
                    "mean": 0.685672915714068,
                    "std": 0.23429004753004345
                },
                "F1-score": {
                    "mean": 0.6847244009361413,
                    "std": 0.12140424195405987
                },
                "Occurrences": 26244
            },
            "Channel-6": {
                "Precision": {
                    "mean": 0.8340234847074722,
                    "std": 0.04299872646308652
                },
                "Recall": {
                    "mean": 0.5923448616976754,
                    "std": 0.10813307796986424
                },
                "F1-score": {
                    "mean": 0.6890728449267943,
                    "std": 0.0876295066575383
                },
                "Occurrences": 26283
            },
            "Channel-7": {
                "Precision": {
                    "mean": 0.8602191903603786,
                    "std": 0.06702676576419993
                },
                "Recall": {
                    "mean": 0.5924472333143183,
                    "std": 0.1586728068465941
                },
                "F1-score": {
                    "mean": 0.6897508349768893,
                    "std": 0.12051430881959829
                },
                "Occurrences": 26295
            },
            "Channel-8": {
                "Precision": {
                    "mean": 0.8308498736160608,
                    "std": 0.07816888600096927
                },
                "Recall": {
                    "mean": 0.6363211701190796,
                    "std": 0.1597396096644554
                },
                "F1-score": {
                    "mean": 0.7063453811474518,
                    "std": 0.12055440470062091
                },
                "Occurrences": 26117
            },
            "Channel-9": {
                "Precision": {
                    "mean": 0.8012766643806147,
                    "std": 0.100040318641842
                },
                "Recall": {
                    "mean": 0.6985993970156088,
                    "std": 0.17583823355513728
                },
                "F1-score": {
                    "mean": 0.7295267939469454,
                    "std": 0.1047399443030582
                },
                "Occurrences": 26203
            },
            "Channel-10": {
                "Precision": {
                    "mean": 0.822257768689336,
                    "std": 0.07872591437004521
                },
                "Recall": {
                    "mean": 0.6262483361855866,
                    "std": 0.1557222946851439
                },
                "F1-score": {
                    "mean": 0.6983195159316212,
                    "std": 0.10814408906374848
                },
                "Occurrences": 26295
            },
            "Channel-11": {
                "Precision": {
                    "mean": 0.7899744087000953,
                    "std": 0.11532911504757817
                },
                "Recall": {
                    "mean": 0.6378436000913729,
                    "std": 0.32876980384170595
                },
                "F1-score": {
                    "mean": 0.6224408753170908,
                    "std": 0.20750940903145196
                },
                "Occurrences": 26266
            },
            "Channel-12": {
                "Precision": {
                    "mean": 0.7010859313053588,
                    "std": 0.11523183933182575
                },
                "Recall": {
                    "mean": 0.8095777862305059,
                    "std": 0.1792168874264241
                },
                "F1-score": {
                    "mean": 0.7233472198300424,
                    "std": 0.0462167402478456
                },
                "Occurrences": 26290
            },
            "Channel-13": {
                "Precision": {
                    "mean": 0.6224638636091263,
                    "std": 0.058569707037122
                },
                "Recall": {
                    "mean": 0.9259066564651874,
                    "std": 0.09027256497195334
                },
                "F1-score": {
                    "mean": 0.7380679152329479,
                    "std": 0.02395806562069789
                },
                "Occurrences": 26140
            },
            "Channel-14": {
                "Precision": {
                    "mean": 0.749407539514281,
                    "std": 0.07277515719723188
                },
                "Recall": {
                    "mean": 0.7817354740061162,
                    "std": 0.09073150665806422
                },
                "F1-score": {
                    "mean": 0.7590971590211366,