{
    "cross_validation": {
        "total_folds": 5,
        "validation_metrics": {
            "precision": {
                "mean": 0.9969482779502868,
                "std": 0.0003936687043166981
            },
            "recall": {
                "mean": 0.9958084344863891,
                "std": 0.00022978823408556544
            },
            "f1_score": {
                "mean": 0.9954187750816346,
                "std": 0.00033811805834434226
            }
        },
        "test_metrics": {
            "precision": {
                "mean": 0.9979893807384,
                "std": 0.0002826892245472759
            },
            "recall": {
                "mean": 0.9838642920153543,
                "std": 0.0007813583404342626
            },
            "f1_score": {
                "mean": 0.9908763375870875,
                "std": 0.00043579018098541207
            }
        },
        "per_channel_metrics": {
            "Channel-1": {
                "Precision": {
                    "mean": 0.9973418765308126,
                    "std": 0.0015203763643871105
                },
                "Recall": {
                    "mean": 0.9903786634060602,
                    "std": 0.0019446568541784985
                },
                "F1-score": {
                    "mean": 0.9938453991596206,
                    "std": 0.0006320318239507249
                },
                "Occurrences": 26171
            },
            "Channel-2": {
                "Precision": {
                    "mean": 0.9982879711341811,
                    "std": 0.0009252993152529013
                },
                "Recall": {
                    "mean": 0.9920910862339053,
                    "std": 0.0024838867664689146
                },
                "F1-score": {
                    "mean": 0.9951772135767996,
                    "std": 0.0009376519017454877
                },
                "Occurrences": 26173
            },
            "Channel-3": {
                "Precision": {
                    "mean": 0.9984570840235187,
                    "std": 0.0007602097480367225
                },
                "Recall": {
                    "mean": 0.9873165137614679,
                    "std": 0.004803961606359448
                },
                "F1-score": {
                    "mean": 0.9928481137036105,
                    "std": 0.002166776025492003
                },
                "Occurrences": 26160
            },
            "Channel-4": {
                "Precision": {
                    "mean": 0.996980616300451,
                    "std": 0.0013297927540441745
                },
                "Recall": {
                    "mean": 0.9763043312199221,
                    "std": 0.0052481415158828265
                },
                "F1-score": {
                    "mean": 0.9865238976116535,
                    "std": 0.0022204833539865676
                },
                "Occurrences": 26182
            },
            "Channel-5": {
                "Precision": {
                    "mean": 0.998041928609678,
                    "std": 0.0005954259382479172
                },
                "Recall": {
                    "mean": 0.9794060164782525,
                    "std": 0.004388213688661175
                },
                "F1-score": {
                    "mean": 0.9886301619417883,
                    "std": 0.0020364161463949162
                },
                "Occurrences": 26095
            },
            "Channel-6": {
                "Precision": {
                    "mean": 0.9977143330807028,
                    "std": 0.0014137829171326612
                },
                "Recall": {
                    "mean": 0.9806642577073884,
                    "std": 0.008636143344182981
                },
                "F1-score": {
                    "mean": 0.9890903182309587,
                    "std": 0.0037170934498494367
                },
                "Occurrences": 26014
            },
            "Channel-7": {
                "Precision": {
                    "mean": 0.9992046686110758,
                    "std": 0.0002772481358195202
                },
                "Recall": {
                    "mean": 0.9853405932300194,
                    "std": 0.0029012103716109165
                },
                "F1-score": {
                    "mean": 0.9922220370073186,
                    "std": 0.0014744747775077341
                },
                "Occurrences": 26263
            },
            "Channel-8": {
                "Precision": {
                    "mean": 0.9962446272413613,
                    "std": 0.0031690865872221466
                },
                "Recall": {
                    "mean": 0.9887214277454419,
                    "std": 0.0023669404929886066
                },
                "F1-score": {
                    "mean": 0.9924677397462258,
                    "std": 0.002602596632907051
                },
                "Occurrences": 25943
            },
            "Channel-9": {
                "Precision": {
                    "mean": 0.998925272680929,
                    "std": 0.0006630618635834172
                },
                "Recall": {
                    "mean": 0.989913293703381,
                    "std": 0.004026360560529183
                },
                "F1-score": {
                    "mean": 0.9943935027810935,
                    "std": 0.001762947024417633
                },
                "Occurrences": 26411
            },
            "Channel-10": {
                "Precision": {
                    "mean": 0.9990603559518554,
                    "std": 0.00031643875002393325
                },
                "Recall": {
                    "mean": 0.985686905857099,
                    "std": 0.0018663453894163249
                },
                "F1-score": {
                    "mean": 0.9923274268395714,
                    "std": 0.0008291163264438404
                },
                "Occurrences": 26088
            },
            "Channel-11": {
                "Precision": {
                    "mean": 0.9982252478866828,
                    "std": 0.0006018373265106825
                },
                "Recall": {
                    "mean": 0.9694884287454324,
                    "std": 0.007696764480003928
                },
                "F1-score": {
                    "mean": 0.9836294270079093,
                    "std": 0.003690607023957475
                },
                "Occurrences": 26272
            },
            "Channel-12": {
                "Precision": {
                    "mean": 0.9977647470145703,
                    "std": 0.0010807824866260367
                },
                "Recall": {
                    "mean": 0.9638152396870016,
                    "std": 0.011813027985699236
                },
                "F1-score": {
                    "mean": 0.9804529754972316,
                    "std": 0.005578316228963268
                },
                "Occurrences": 26326
            },
            "Channel-13": {
                "Precision": {
                    "mean": 0.9977426844578096,
                    "std": 0.001086001543032651
                },
                "Recall": {
                    "mean": 0.9808689053310566,
                    "std": 0.011092566541200433
                },
                "F1-score": {
                    "mean": 0.9891963109094435,
                    "std": 0.005209011126209255
                },
                "Occurrences": 26355
            },
            "Channel-14": {
                "Precision": {
                    "mean": 0.9979682147530451,
                    "std": 0.00104313145764215
                },
                "Recall": {
                    "mean": 0.9923395838880225,
                    "std": 0.0023908295120423535
                },