{
    "cross_validation": {
        "total_folds": 5,
        "validation_metrics": {
            "precision": {
                "mean": 0.8593419671058655,
                "std": 0.00301400338994289
            },
            "recall": {
                "mean": 0.8559689521789551,
                "std": 0.003099219783391505
            },
            "f1_score": {
                "mean": 0.8569038470586141,
                "std": 0.0029572090511831672
            }
        },
        "test_metrics": {
            "precision": {
                "mean": 0.8534489863850923,
                "std": 0.004754349314994653
            },
            "recall": {
                "mean": 0.8644174543200756,
                "std": 0.0058264660515227815
            },
            "f1_score": {
                "mean": 0.8588761781249625,
                "std": 0.0030489559824621137
            }
        },
        "per_channel_metrics": {
            "Channel-1": {
                "Precision": {
                    "mean": 0.8822204580426807,
                    "std": 0.017202394604930418
                },
                "Recall": {
                    "mean": 0.8713502061816669,
                    "std": 0.022493341139102115
                },
                "F1-score": {
                    "mean": 0.8764059272532972,
                    "std": 0.010008133435464046
                },
                "Occurrences": 26433
            },
            "Channel-2": {
                "Precision": {
                    "mean": 0.817298867551418,
                    "std": 0.027800373032315556
                },
                "Recall": {
                    "mean": 0.8211013961538952,
                    "std": 0.0285211058908635
                },
                "F1-score": {
                    "mean": 0.8187814003258502,
                    "std": 0.021305982704938515
                },
                "Occurrences": 26191
            },
            "Channel-3": {
                "Precision": {
                    "mean": 0.8168216902236403,
                    "std": 0.019863150119289717
                },
                "Recall": {
                    "mean": 0.8211222875941037,
                    "std": 0.02285068987961066
                },
                "F1-score": {
                    "mean": 0.8187743224558989,
                    "std": 0.01738056566426362
                },
                "Occurrences": 26345
            },
            "Channel-4": {
                "Precision": {
                    "mean": 0.7952900489574685,
                    "std": 0.020013116676005614
                },
                "Recall": {
                    "mean": 0.8277958657320514,
                    "std": 0.03610478168979438
                },
                "F1-score": {
                    "mean": 0.8103115725510885,
                    "std": 0.009991731467995948
                },
                "Occurrences": 26107
            },
            "Channel-5": {
                "Precision": {
                    "mean": 0.8034250512631967,
                    "std": 0.01196137906406285
                },
                "Recall": {
                    "mean": 0.8424223949601178,
                    "std": 0.016209927858022735
                },
                "F1-score": {
                    "mean": 0.8222457687561402,
                    "std": 0.0045764426140300985
                },
                "Occurrences": 26244
            },
            "Channel-6": {
                "Precision": {
                    "mean": 0.8403477204791723,
                    "std": 0.01748296791442587
                },
                "Recall": {
                    "mean": 0.8680160813707211,
                    "std": 0.026178660171688982
                },
                "F1-score": {
                    "mean": 0.8534531835916397,
                    "std": 0.008532952582565548
                },
                "Occurrences": 26283
            },
            "Channel-7": {
                "Precision": {
                    "mean": 0.901970400388407,
                    "std": 0.012556259732250155
                },
                "Recall": {
                    "mean": 0.8998846422006719,
                    "std": 0.016197899200577747
                },
                "F1-score": {
                    "mean": 0.9007380979351257,
                    "std": 0.006433951904951422
                },
                "Occurrences": 26295
            },
            "Channel-8": {
                "Precision": {
                    "mean": 0.9168093841608683,
                    "std": 0.009223056394345803
                },
                "Recall": {
                    "mean": 0.91372669142704,
                    "std": 0.01516554908255876
                },
                "F1-score": {
                    "mean": 0.9151246884926453,
                    "std": 0.005470467672234532
                },
                "Occurrences": 26117
            },
            "Channel-9": {
                "Precision": {
                    "mean": 0.9160624235300966,
                    "std": 0.013713226755628569
                },
                "Recall": {
                    "mean": 0.9096337569489498,
                    "std": 0.012811701056218053
                },
                "F1-score": {
                    "mean": 0.9126596548653564,
                    "std": 0.003956840344858258
                },
                "Occurrences": 26203
            },
            "Channel-10": {
                "Precision": {
                    "mean": 0.8746194856517312,
                    "std": 0.014746701515149412
                },
                "Recall": {
                    "mean": 0.8793839132915002,
                    "std": 0.012707550422858689
                },
                "F1-score": {
                    "mean": 0.8767915929667246,
                    "std": 0.003358956608393744
                },
                "Occurrences": 26295
            },
            "Channel-11": {
                "Precision": {
                    "mean": 0.8175499493611381,
                    "std": 0.014677532279599089
                },
                "Recall": {
                    "mean": 0.8460316251681514,
                    "std": 0.02782433685855059
                },
                "F1-score": {
                    "mean": 0.8311083640100619,
                    "std": 0.011343189268295724
                },
                "Occurrences": 26266
            },
            "Channel-12": {
                "Precision": {
                    "mean": 0.8024692923025177,
                    "std": 0.016197941752692502
                },
                "Recall": {
                    "mean": 0.8352351971598833,
                    "std": 0.024119779334044907
                },
                "F1-score": {
                    "mean": 0.8180925149038718,
                    "std": 0.007987082388168512
                },
                "Occurrences": 26290
            },
            "Channel-13": {
                "Precision": {
                    "mean": 0.8292445631349513,
                    "std": 0.022341374694276925
                },
                "Recall": {
                    "mean": 0.8465212955878604,
                    "std": 0.021444889400334
                },
                "F1-score": {
                    "mean": 0.8375435577375168,
                    "std": 0.01647749434005304
                },
                "Occurrences": 26140
            },
            "Channel-14": {
                "Precision": {
                    "mean": 0.8769425446904264,
                    "std": 0.020636163934902564
                },
                "Recall": {
                    "mean": 0.8734301732925587,
                    "std": 0.023520496377199312
                },
                "F1-score": {
                    "mean": 0.8747905454406374,