{
    "cross_validation": {
        "total_folds": 5,
        "validation_metrics": {
            "precision": {
                "mean": 0.9972211360931397,
                "std": 0.0003436861925067239
            },
            "recall": {
                "mean": 0.9966387748718262,
                "std": 0.0004264239877179368
            },
            "f1_score": {
                "mean": 0.996757423877716,
                "std": 0.00033545668741502164
            }
        },
        "test_metrics": {
            "precision": {
                "mean": 0.9975167735590007,
                "std": 0.00043654360544920017
            },
            "recall": {
                "mean": 0.9959583243926282,
                "std": 0.000561696492402078
            },
            "f1_score": {
                "mean": 0.9967368040128839,
                "std": 0.0003432787914880405
            }
        },
        "per_channel_metrics": {
            "Channel-1": {
                "Precision": {
                    "mean": 0.9965257267450667,
                    "std": 0.0007969864652525722
                },
                "Recall": {
                    "mean": 0.9970883802682359,
                    "std": 0.0009628372109746964
                },
                "F1-score": {
                    "mean": 0.996806454879876,
                    "std": 0.0005136726075094344
                },
                "Occurrences": 26171
            },
            "Channel-2": {
                "Precision": {
                    "mean": 0.9976843657402734,
                    "std": 0.0007086001846231197
                },
                "Recall": {
                    "mean": 0.9971726588469034,
                    "std": 0.000729749674019084
                },
                "F1-score": {
                    "mean": 0.9974279815747729,
                    "std": 0.00023138818456466034
                },
                "Occurrences": 26173
            },
            "Channel-3": {
                "Precision": {
                    "mean": 0.9976990732564838,
                    "std": 0.0015196384303899262
                },
                "Recall": {
                    "mean": 0.996230886850153,
                    "std": 0.0012821718632259416
                },
                "F1-score": {
                    "mean": 0.9969627682774338,
                    "std": 0.0005566494633292556
                },
                "Occurrences": 26160
            },
            "Channel-4": {
                "Precision": {
                    "mean": 0.9967260800918973,
                    "std": 0.0016262499501047837
                },
                "Recall": {
                    "mean": 0.9943243449698265,
                    "std": 0.0009955721449618805
                },
                "F1-score": {
                    "mean": 0.9955224860722265,
                    "std": 0.0007372682319592168
                },
                "Occurrences": 26182
            },
            "Channel-5": {
                "Precision": {
                    "mean": 0.9961650656745664,
                    "std": 0.0020235301733178843
                },
                "Recall": {
                    "mean": 0.9957769687679632,
                    "std": 0.001589562504568782
                },
                "F1-score": {
                    "mean": 0.9959682017772785,
                    "std": 0.0007415421651294781
                },
                "Occurrences": 26095
            },
            "Channel-6": {
                "Precision": {
                    "mean": 0.9973937269117572,
                    "std": 0.001400780617302522
                },
                "Recall": {
                    "mean": 0.996071346198201,
                    "std": 0.001205694956144755
                },
                "F1-score": {
                    "mean": 0.9967304936643584,
                    "std": 0.0003306567016461192
                },
                "Occurrences": 26014
            },
            "Channel-7": {
                "Precision": {
                    "mean": 0.9989235420215538,
                    "std": 0.0005089217320457634
                },
                "Recall": {
                    "mean": 0.9954841411872216,
                    "std": 0.0016794403639635387
                },
                "F1-score": {
                    "mean": 0.9971997293834353,
                    "std": 0.000635457543578185
                },
                "Occurrences": 26263
            },
            "Channel-8": {
                "Precision": {
                    "mean": 0.9982570788879019,
                    "std": 0.0010329299817937604
                },
                "Recall": {
                    "mean": 0.9966233666114173,
                    "std": 0.001314323988754818
                },
                "F1-score": {
                    "mean": 0.9974382823256154,
                    "std": 0.00036036591456227256
                },
                "Occurrences": 25943
            },
            "Channel-9": {
                "Precision": {
                    "mean": 0.9982112137506505,
                    "std": 0.00048467259403727993
                },
                "Recall": {
                    "mean": 0.9970466850933324,
                    "std": 0.000748501081710008
                },
                "F1-score": {
                    "mean": 0.9976283107452856,
                    "std": 0.00031569648277262176
                },
                "Occurrences": 26411
            },
            "Channel-10": {
                "Precision": {
                    "mean": 0.9986157122830365,
                    "std": 0.0002873845986885418
                },
                "Recall": {
                    "mean": 0.995131861392211,
                    "std": 0.0019314054787685274
                },
                "F1-score": {
                    "mean": 0.9968695818705298,
                    "std": 0.0008704734456534733
                },
                "Occurrences": 26088
            },
            "Channel-11": {
                "Precision": {
                    "mean": 0.9978309979826531,
                    "std": 0.0010926071182609178
                },
                "Recall": {
                    "mean": 0.9934074299634592,
                    "std": 0.0020808360066618147
                },
                "F1-score": {
                    "mean": 0.9956122024759951,
                    "std": 0.0008279209331075008
                },
                "Occurrences": 26272
            },
            "Channel-12": {
                "Precision": {
                    "mean": 0.9960803271595818,
                    "std": 0.0013357426832729382
                },
                "Recall": {
                    "mean": 0.9954037833320672,
                    "std": 0.0017924858225637963
                },
                "F1-score": {
                    "mean": 0.9957400523484786,
                    "std": 0.0007854358464979219
                },
                "Occurrences": 26326
            },
            "Channel-13": {
                "Precision": {
                    "mean": 0.9967803252281267,
                    "std": 0.000315832221168604
                },
                "Recall": {
                    "mean": 0.9959931701764371,
                    "std": 0.001644068894788499
                },
                "F1-score": {
                    "mean": 0.9963857023107747,
                    "std": 0.0007186948850206239
                },
                "Occurrences": 26355
            },
            "Channel-14": {
                "Precision": {
                    "mean": 0.9980825149607098,
                    "std": 0.0011388985855558455
                },
                "Recall": {
                    "mean": 0.9968202046327642,
                    "std": 0.001228410094674817
                },