{
    "cross_validation": {
        "total_folds": 5,
        "validation_metrics": {
            "precision": {
                "mean": 0.9998398900032044,
                "std": 3.071848759259833e-05
            },
            "recall": {
                "mean": 0.9991506338119507,
                "std": 6.629055917340042e-05
            },
            "f1_score": {
                "mean": 0.9994532585144043,
                "std": 6.754613786056226e-05
            }
        },
        "test_metrics": {
            "precision": {
                "mean": 0.9997366130121383,
                "std": 8.728141857496799e-05
            },
            "recall": {
                "mean": 0.9990787497317788,
                "std": 0.00011869904821024032
            },
            "f1_score": {
                "mean": 0.9994075711430742,
                "std": 9.428625436832282e-05
            }
        },
        "per_channel_metrics": {
            "Channel-1": {
                "Precision": {
                    "mean": 0.9998241118705533,
                    "std": 0.00010698898495104438
                },
                "Recall": {
                    "mean": 0.9989224714378512,
                    "std": 0.0007586054477843843
                },
                "F1-score": {
                    "mean": 0.9993729281994916,
                    "std": 0.0003661816012729135
                },
                "Occurrences": 26171
            },
            "Channel-2": {
                "Precision": {
                    "mean": 0.9998242066380667,
                    "std": 7.48549923468473e-05
                },
                "Recall": {
                    "mean": 0.9995185878577161,
                    "std": 0.00014817345684229506
                },
                "F1-score": {
                    "mean": 0.9996713627918223,
                    "std": 5.186533708981029e-05
                },
                "Occurrences": 26173
            },
            "Channel-3": {
                "Precision": {
                    "mean": 0.9997247805566086,
                    "std": 0.00014776881534246626
                },
                "Recall": {
                    "mean": 0.9996406727828745,
                    "std": 0.00011744871174110668
                },
                "F1-score": {
                    "mean": 0.9996827103826214,
                    "std": 5.746013388868143e-05
                },
                "Occurrences": 26160
            },
            "Channel-4": {
                "Precision": {
                    "mean": 0.9998319126240759,
                    "std": 0.00013362152077476904
                },
                "Recall": {
                    "mean": 0.9994041708043694,
                    "std": 0.00037391301659215866
                },
                "F1-score": {
                    "mean": 0.9996179459682702,
                    "std": 0.00017008649732259907
                },
                "Occurrences": 26182
            },
            "Channel-5": {
                "Precision": {
                    "mean": 0.999846608704529,
                    "std": 4.201723748640238e-05
                },
                "Recall": {
                    "mean": 0.9991875838283196,
                    "std": 0.0002159647871792457
                },
                "F1-score": {
                    "mean": 0.9995169784638192,
                    "std": 0.00012271731720383936
                },
                "Occurrences": 26095
            },
            "Channel-6": {
                "Precision": {
                    "mean": 0.9997383736012422,
                    "std": 0.00013851082387394796
                },
                "Recall": {
                    "mean": 0.9986699469516415,
                    "std": 0.0005963164274518394
                },
                "F1-score": {
                    "mean": 0.9992037649126072,
                    "std": 0.0002793571627720199
                },
                "Occurrences": 26014
            },
            "Channel-7": {
                "Precision": {
                    "mean": 0.9996644035900882,
                    "std": 0.00015881684366849717
                },
                "Recall": {
                    "mean": 0.997959105966569,
                    "std": 0.0003376582915492936
                },
                "F1-score": {
                    "mean": 0.9988109804913818,
                    "std": 0.00015290449875270842
                },
                "Occurrences": 26263
            },
            "Channel-8": {
                "Precision": {
                    "mean": 0.9992592875020133,
                    "std": 0.00020279512254774758
                },
                "Recall": {
                    "mean": 0.9982577188451606,
                    "std": 0.0004517622579958642
                },
                "F1-score": {
                    "mean": 0.9987581542737717,
                    "std": 0.00015820820427831186
                },
                "Occurrences": 25943
            },
            "Channel-9": {
                "Precision": {
                    "mean": 0.999560329110551,
                    "std": 0.00030649095725825484
                },
                "Recall": {
                    "mean": 0.9982280110559995,
                    "std": 0.0004985280554506161
                },
                "F1-score": {
                    "mean": 0.9988936239742279,
                    "std": 0.00026387180925117415
                },
                "Occurrences": 26411
            },
            "Channel-10": {
                "Precision": {
                    "mean": 0.9996013266116938,
                    "std": 0.00031814718639562237
                },
                "Recall": {
                    "mean": 0.9988040478380864,
                    "std": 0.0007374863007553657
                },
                "F1-score": {
                    "mean": 0.9992022696733869,
                    "std": 0.0002540408622668954
                },
                "Occurrences": 26088
            },
            "Channel-11": {
                "Precision": {
                    "mean": 0.9997487951783792,
                    "std": 0.0003001093203561094
                },
                "Recall": {
                    "mean": 0.9992539585870889,
                    "std": 0.0004621835942953994
                },
                "F1-score": {
                    "mean": 0.9995012159407688,
                    "std": 0.00022867267708581677
                },
                "Occurrences": 26272
            },
            "Channel-12": {
                "Precision": {
                    "mean": 0.9997493191915634,
                    "std": 0.00017909201276358096
                },
                "Recall": {
                    "mean": 0.9996353414875028,
                    "std": 0.0002116293896100159
                },
                "F1-score": {
                    "mean": 0.9996922986637248,
                    "std": 0.00010007987523794717
                },
                "Occurrences": 26326
            },
            "Channel-13": {
                "Precision": {
                    "mean": 0.9998330101622234,
                    "std": 0.00011408942637674328
                },
                "Recall": {
                    "mean": 0.9995295010434452,
                    "std": 3.0354771390644907e-05
                },
                "F1-score": {
                    "mean": 0.9996812295421045,
                    "std": 6.279830008166822e-05
                },
                "Occurrences": 26355
            },
            "Channel-14": {
                "Precision": {
                    "mean": 0.9999087003996616,
                    "std": 9.190817784096152e-05
                },
                "Recall": {
                    "mean": 0.9994066410558746,
                    "std": 0.00035729393528788545
                },