{
    "cross_validation": {
        "total_folds": 5,
        "validation_metrics": {
            "precision": {
                "mean": 0.945387864112854,
                "std": 0.0028465011455203492
            },
            "recall": {
                "mean": 0.9204529285430908,
                "std": 0.004076375489009954
            },
            "f1_score": {
                "mean": 0.9274806976318359,
                "std": 0.0012730972009159752
            }
        },
        "test_metrics": {
            "precision": {
                "mean": 0.9410268907380045,
                "std": 0.004035517530870249
            },
            "recall": {
                "mean": 0.912034231635657,
                "std": 0.005192563181583848
            },
            "f1_score": {
                "mean": 0.9262828430476112,
                "std": 0.0016116378730725363
            }
        },
        "per_channel_metrics": {
            "Channel-1": {
                "Precision": {
                    "mean": 0.9383067286272542,
                    "std": 0.010242906655233452
                },
                "Recall": {
                    "mean": 0.9330458139446904,
                    "std": 0.006973132345549068
                },
                "F1-score": {
                    "mean": 0.9356412873077214,
                    "std": 0.007156221897661588
                },
                "Occurrences": 26433
            },
            "Channel-2": {
                "Precision": {
                    "mean": 0.9346227286402969,
                    "std": 0.019478401276933878
                },
                "Recall": {
                    "mean": 0.9161085869191707,
                    "std": 0.026931578921648363
                },
                "F1-score": {
                    "mean": 0.9247052571730485,
                    "std": 0.006566877664725973
                },
                "Occurrences": 26191
            },
            "Channel-3": {
                "Precision": {
                    "mean": 0.9432118193495256,
                    "std": 0.007652124512915114
                },
                "Recall": {
                    "mean": 0.9131599924084266,
                    "std": 0.013683321878444465
                },
                "F1-score": {
                    "mean": 0.9278302253677475,
                    "std": 0.004657497319502918
                },
                "Occurrences": 26345
            },
            "Channel-4": {
                "Precision": {
                    "mean": 0.9419568523668838,
                    "std": 0.003292328169699761
                },
                "Recall": {
                    "mean": 0.9181292373692879,
                    "std": 0.0033438759008711256
                },
                "F1-score": {
                    "mean": 0.9298792799974622,
                    "std": 0.0008071833443844237
                },
                "Occurrences": 26107
            },
            "Channel-5": {
                "Precision": {
                    "mean": 0.9443306158907919,
                    "std": 0.005835939848225183
                },
                "Recall": {
                    "mean": 0.9107300716354215,
                    "std": 0.008922196969539513
                },
                "F1-score": {
                    "mean": 0.9271685757123878,
                    "std": 0.0022498853146356163
                },
                "Occurrences": 26244
            },
            "Channel-6": {
                "Precision": {
                    "mean": 0.9439725041271027,
                    "std": 0.0075155059052546234
                },
                "Recall": {
                    "mean": 0.9106038123501884,
                    "std": 0.012789874564645526
                },
                "F1-score": {
                    "mean": 0.9268823616660995,
                    "std": 0.003947020397188372
                },
                "Occurrences": 26283
            },
            "Channel-7": {
                "Precision": {
                    "mean": 0.937690129240616,
                    "std": 0.014049957373422392
                },
                "Recall": {
                    "mean": 0.9079368701274007,
                    "std": 0.015840915197383617
                },
                "F1-score": {
                    "mean": 0.92234110701863,
                    "std": 0.0033228904874638065
                },
                "Occurrences": 26295
            },
            "Channel-8": {
                "Precision": {
                    "mean": 0.9330617166222822,
                    "std": 0.006763217780638993
                },
                "Recall": {
                    "mean": 0.8993529118964659,
                    "std": 0.008829023135812422
                },
                "F1-score": {
                    "mean": 0.9158342740762018,
                    "std": 0.002269276180860933
                },
                "Occurrences": 26117
            },
            "Channel-9": {
                "Precision": {
                    "mean": 0.9415243579619366,
                    "std": 0.00630493165653389
                },
                "Recall": {
                    "mean": 0.8871274281570812,
                    "std": 0.00948174161233024
                },
                "F1-score": {
                    "mean": 0.913473539633503,
                    "std": 0.0052733400586787394
                },
                "Occurrences": 26203
            },
            "Channel-10": {
                "Precision": {
                    "mean": 0.9348938400557569,
                    "std": 0.00759382582035861
                },
                "Recall": {
                    "mean": 0.9079368701274007,
                    "std": 0.01013168900768423
                },
                "F1-score": {
                    "mean": 0.9211397991356627,
                    "std": 0.0029177660893536586
                },
                "Occurrences": 26295
            },
            "Channel-11": {
                "Precision": {
                    "mean": 0.946632972418206,
                    "std": 0.007598097851054203
                },
                "Recall": {
                    "mean": 0.897692834843524,
                    "std": 0.013276070859374618
                },
                "F1-score": {
                    "mean": 0.9214044248607405,
                    "std": 0.00474019660446019
                },
                "Occurrences": 26266
            },
            "Channel-12": {
                "Precision": {
                    "mean": 0.9451679222602147,
                    "std": 0.009427399133217542
                },
                "Recall": {
                    "mean": 0.9037885127424875,
                    "std": 0.013088263720964185
                },
                "F1-score": {
                    "mean": 0.9238818271701849,
                    "std": 0.0029386230177801693
                },
                "Occurrences": 26290
            },
            "Channel-13": {
                "Precision": {
                    "mean": 0.9478127206960372,
                    "std": 0.0021537408064988667
                },
                "Recall": {
                    "mean": 0.9098699311400154,
                    "std": 0.0072034697352816885
                },
                "F1-score": {
                    "mean": 0.9284361409548018,
                    "std": 0.003644696850430084
                },
                "Occurrences": 26140
            },
            "Channel-14": {
                "Precision": {
                    "mean": 0.9420036593360571,
                    "std": 0.011612679202650815
                },
                "Recall": {
                    "mean": 0.9221636085626912,
                    "std": 0.01537851970795658
                },