{
    "cross_validation": {
        "total_folds": 5,
        "validation_metrics": {
            "precision": {
                "mean": 0.8954870382944743,
                "std": 0.001782816668569122
            },
            "recall": {
                "mean": 0.8803482015927633,
                "std": 0.003212733331148858
            },
            "f1_score": {
                "mean": 0.946463119983673,
                "std": 0.000857126871659668
            }
        },
        "test_metrics": {
            "precision": {
                "mean": 0.9481806425539357,
                "std": 0.0012813759490221154
            },
            "recall": {
                "mean": 0.9448185715364109,
                "std": 0.0025130117150345874
            },
            "f1_score": {
                "mean": 0.9464933537426135,
                "std": 0.0009526584344125543
            }
        },
        "per_channel_metrics": {
            "Channel-1": {
                "Precision": {
                    "mean": 0.9590286759340959,
                    "std": 0.003618342941447873
                },
                "Recall": {
                    "mean": 0.9505744082523108,
                    "std": 0.004922920642658924
                },
                "F1-score": {
                    "mean": 0.9547685187325627,
                    "std": 0.0022520939909237104
                },
                "Occurrences": 26433
            },
            "Channel-2": {
                "Precision": {
                    "mean": 0.9394157357197931,
                    "std": 0.006184527647408329
                },
                "Recall": {
                    "mean": 0.9475697758772098,
                    "std": 0.007365720845689266
                },
                "F1-score": {
                    "mean": 0.9434290507699656,
                    "std": 0.0016868401917430728
                },
                "Occurrences": 26191
            },
            "Channel-3": {
                "Precision": {
                    "mean": 0.9467095083381712,
                    "std": 0.0045693747901800015
                },
                "Recall": {
                    "mean": 0.9461909280698425,
                    "std": 0.00533559985392403
                },
                "F1-score": {
                    "mean": 0.9464295547580766,
                    "std": 0.002273207228240932
                },
                "Occurrences": 26345
            },
            "Channel-4": {
                "Precision": {
                    "mean": 0.950494086585023,
                    "std": 0.004277562563368494
                },
                "Recall": {
                    "mean": 0.9392346880147089,
                    "std": 0.004696685429143858
                },
                "F1-score": {
                    "mean": 0.9448152333048001,
                    "std": 0.00233619963691605
                },
                "Occurrences": 26107
            },
            "Channel-5": {
                "Precision": {
                    "mean": 0.9516789954459293,
                    "std": 0.0021933523957221378
                },
                "Recall": {
                    "mean": 0.9376695625666817,
                    "std": 0.00370081211086582
                },
                "F1-score": {
                    "mean": 0.9446150667235046,
                    "std": 0.0015862385111974737
                },
                "Occurrences": 26244
            },
            "Channel-6": {
                "Precision": {
                    "mean": 0.9493815218070766,
                    "std": 0.0025250358228522817
                },
                "Recall": {
                    "mean": 0.9439764613374931,
                    "std": 0.0036447447797665466
                },
                "F1-score": {
                    "mean": 0.946662743393459,
                    "std": 0.0013273974593412988
                },
                "Occurrences": 26283
            },
            "Channel-7": {
                "Precision": {
                    "mean": 0.9488352837343406,
                    "std": 0.0023212724838210337
                },
                "Recall": {
                    "mean": 0.9456297141408377,
                    "std": 0.0034540455590004277
                },
                "F1-score": {
                    "mean": 0.9472261912020712,
                    "std": 0.002296710765054069
                },
                "Occurrences": 26295
            },
            "Channel-8": {
                "Precision": {
                    "mean": 0.9437808509929158,
                    "std": 0.0031856758165846257
                },
                "Recall": {
                    "mean": 0.9442202396906231,
                    "std": 0.00417775640019687
                },
                "F1-score": {
                    "mean": 0.9439918080354023,
                    "std": 0.002359517373496539
                },
                "Occurrences": 26117
            },
            "Channel-9": {
                "Precision": {
                    "mean": 0.9462938556556357,
                    "std": 0.0027533110492247766
                },
                "Recall": {
                    "mean": 0.9447824040504269,
                    "std": 0.004753938371471806
                },
                "F1-score": {
                    "mean": 0.9455277949744826,
                    "std": 0.0024339630796580553
                },
                "Occurrences": 26203
            },
            "Channel-10": {
                "Precision": {
                    "mean": 0.9472087368783446,
                    "std": 0.0031638558600924445
                },
                "Recall": {
                    "mean": 0.944017240286493,
                    "std": 0.004229366437881403
                },
                "F1-score": {
                    "mean": 0.9455986105859943,
                    "std": 0.0017124577909522652
                },
                "Occurrences": 26295
            },
            "Channel-11": {
                "Precision": {
                    "mean": 0.9516152762385098,
                    "std": 0.003150643192703019
                },
                "Recall": {
                    "mean": 0.9367166679357345,
                    "std": 0.004346868068630013
                },
                "F1-score": {
                    "mean": 0.9440945506317078,
                    "std": 0.001614192836929725
                },
                "Occurrences": 26266
            },
            "Channel-12": {
                "Precision": {
                    "mean": 0.9492625334190481,
                    "std": 0.003318682378712269
                },
                "Recall": {
                    "mean": 0.9370863446177253,
                    "std": 0.005161813991729504
                },
                "F1-score": {
                    "mean": 0.9431195807887374,
                    "std": 0.0020834678657835597
                },
                "Occurrences": 26290
            },
            "Channel-13": {
                "Precision": {
                    "mean": 0.9451805114195176,
                    "std": 0.004414384887275685
                },
                "Recall": {
                    "mean": 0.9451338944146902,
                    "std": 0.00510830604316538
                },
                "F1-score": {
                    "mean": 0.945135696114665,
                    "std": 0.0015876314215396347
                },
                "Occurrences": 26140
            },
            "Channel-14": {
                "Precision": {
                    "mean": 0.944991388327437,
                    "std": 0.0025030253829481175
                },
                "Recall": {
                    "mean": 0.9502854230377167,
                    "std": 0.003709484184107018
                },