{
    "cross_validation": {
        "total_folds": 5,
        "validation_metrics": {
            "precision": {
                "mean": 0.8954829812049866,
                "std": 0.0008532484286868662
            },
            "recall": {
                "mean": 0.8824494004249572,
                "std": 0.0009177343034882276
            },
            "f1_score": {
                "mean": 0.889169180393219,
                "std": 0.0008463589549794837
            }
        },
        "test_metrics": {
            "precision": {
                "mean": 0.889470233052605,
                "std": 0.00236375112616703
            },
            "recall": {
                "mean": 0.8907857851176628,
                "std": 0.0022328069001676574
            },
            "f1_score": {
                "mean": 0.89012329802884,
                "std": 0.0012315327265048637
            }
        },
        "per_channel_metrics": {
            "Channel-1": {
                "Precision": {
                    "mean": 0.9073125833973575,
                    "std": 0.0117491395399504
                },
                "Recall": {
                    "mean": 0.8877273421977687,
                    "std": 0.014775260780875718
                },
                "F1-score": {
                    "mean": 0.8972193344606432,
                    "std": 0.00241364315997103
                },
                "Occurrences": 26172
            },
            "Channel-2": {
                "Precision": {
                    "mean": 0.9031084531256246,
                    "std": 0.018636119652967714
                },
                "Recall": {
                    "mean": 0.8943136349646046,
                    "std": 0.026836496943322147
                },
                "F1-score": {
                    "mean": 0.8981172080513907,
                    "std": 0.005341474619298829
                },
                "Occurrences": 25992
            },
            "Channel-3": {
                "Precision": {
                    "mean": 0.9027890343841294,
                    "std": 0.013391641782440724
                },
                "Recall": {
                    "mean": 0.9142911818738518,
                    "std": 0.008153614867375002
                },
                "F1-score": {
                    "mean": 0.9083912623642167,
                    "std": 0.004850377805383824
                },
                "Occurrences": 26128
            },
            "Channel-4": {
                "Precision": {
                    "mean": 0.8711964764281064,
                    "std": 0.006996673439008154
                },
                "Recall": {
                    "mean": 0.8661707215242721,
                    "std": 0.02688778956405523
                },
                "F1-score": {
                    "mean": 0.8685054036090326,
                    "std": 0.015681256288554383
                },
                "Occurrences": 26347
            },
            "Channel-5": {
                "Precision": {
                    "mean": 0.820802413188853,
                    "std": 0.014545833046448206
                },
                "Recall": {
                    "mean": 0.8342772209306757,
                    "std": 0.025901142205625925
                },
                "F1-score": {
                    "mean": 0.8270460713793726,
                    "std": 0.0084653397663961
                },
                "Occurrences": 26239
            },
            "Channel-6": {
                "Precision": {
                    "mean": 0.8981032935410391,
                    "std": 0.01918996135100172
                },
                "Recall": {
                    "mean": 0.8963291866028709,
                    "std": 0.015982107621224175
                },
                "F1-score": {
                    "mean": 0.8968861522874911,
                    "std": 0.004611669079286056
                },
                "Occurrences": 26125
            },
            "Channel-7": {
                "Precision": {
                    "mean": 0.9068686250573474,
                    "std": 0.020023465550574222
                },
                "Recall": {
                    "mean": 0.9099325637215682,
                    "std": 0.018753980107909286
                },
                "F1-score": {
                    "mean": 0.9079843533231005,
                    "std": 0.0008974726627891681
                },
                "Occurrences": 26247
            },
            "Channel-8": {
                "Precision": {
                    "mean": 0.9217114266136969,
                    "std": 0.008744542741197424
                },
                "Recall": {
                    "mean": 0.90562395500836,
                    "std": 0.011634501655218258
                },
                "F1-score": {
                    "mean": 0.9134856869773366,
                    "std": 0.0023137613856280717
                },
                "Occurrences": 26316
            },
            "Channel-9": {
                "Precision": {
                    "mean": 0.90760462299258,
                    "std": 0.006716215853334929
                },
                "Recall": {
                    "mean": 0.9050373418686176,
                    "std": 0.009106011202475015
                },
                "F1-score": {
                    "mean": 0.9062523680179082,
                    "std": 0.001967614216304761
                },
                "Occurrences": 26244
            },
            "Channel-10": {
                "Precision": {
                    "mean": 0.9083974344129478,
                    "std": 0.014071936795987191
                },
                "Recall": {
                    "mean": 0.9069441268389358,
                    "std": 0.014717658927677279
                },
                "F1-score": {
                    "mean": 0.907444592380533,
                    "std": 0.001796003158668189
                },
                "Occurrences": 26238
            },
            "Channel-11": {
                "Precision": {
                    "mean": 0.8726534869319451,
                    "std": 0.014651788692643226
                },
                "Recall": {
                    "mean": 0.9029765290258978,
                    "std": 0.013164297849489576
                },
                "F1-score": {
                    "mean": 0.8873751568301902,
                    "std": 0.005965907134032138
                },
                "Occurrences": 26373
            },
            "Channel-12": {
                "Precision": {
                    "mean": 0.8196101808915014,
                    "std": 0.02440496859133812
                },
                "Recall": {
                    "mean": 0.8250999200639487,
                    "std": 0.03504504291691027
                },
                "F1-score": {
                    "mean": 0.8212963813482377,
                    "std": 0.006638478514272389
                },
                "Occurrences": 26271
            },
            "Channel-13": {
                "Precision": {
                    "mean": 0.898165197620932,
                    "std": 0.012242200327067201
                },
                "Recall": {
                    "mean": 0.8909506572680511,
                    "std": 0.01401767980471296
                },
                "F1-score": {
                    "mean": 0.8943620205869776,
                    "std": 0.003318781582444632
                },
                "Occurrences": 26245
            },
            "Channel-14": {
                "Precision": {
                    "mean": 0.9025026639084187,
                    "std": 0.022653745417198147
                },
                "Recall": {
                    "mean": 0.9050212570378031,
                    "std": 0.029029217833601614
                },
                "F1-score": {
                    "mean": 0.9030366686876325,